repositorio, propietario, lenguajes, privado, commits
ProjectX,user123,"Python,JavaScript",True,[b789101#Initial commit#2023-10-06 12:00:00;c567891#Added main functionality#2023-10-06 13:00:00]
MiFirstRepo,newbie,"Go",False,[]
LAB-FP,profFP,"Java",False,[1a34671#Primer commit#2023-10-06 12:00:00]
Repo123,developerA,"C++",False,[d123451#First version#2023-10-06 12:00:00;e678901#Fixed bugs#2023-10-06 12:01:00;f234561#Added new features#2023-10-06 12:02:00]
MyProject,coderX,"JavaScript,HTML",True,[g345671#Setup project#2023-10-06 12:00:00;h456781#Added frontend#2023-10-06 12:01:00]
AI-Lab,ai_expert,"Python,R,SQL",False,[i567891#Initial setup#2023-10-06 12:00:00;j678901#Data preprocessing#2023-10-06 12:01:00]
WebApp,web_dev,"Ruby,JavaScript,CSS",True,[k789011#Initial commit#2023-10-06 12:00:00]
GameDev,gamer,"C#",False,[l890121#Game setup#2023-10-06 12:00:00;m901231#Added player movement#2023-10-06 12:01:00]
MobileApp,mobile_dev,"Kotlin,Swift",True,[n012341#Project creation#2023-10-06 12:00:00]
DataScience,data_scientist,"Python,Julia,SQL",False,[o123451#Initial analysis#2023-10-06 12:00:00;p234561#Model training#2023-10-06 12:01:00]
CloudService,cloud_eng,"Go,Python",True,[q345671#Service setup#2023-10-06 12:00:00;r456781#Added API endpoints#2023-10-06 12:01:00;s567891#Improved performance#2023-10-06 12:02:00]
LAB-Calificaciones,student1,"Java,Python",True,[a123456#Initial setup#2020-10-06 08:00:00;a123457#Added features#2022-10-06 09:00:00]
DataVizMaster,dataWhiz,"C++,JavaScript",False,[b234567#First commit#2019-10-06 10:00:00]
AlgoExplorer,designGuru,"HTML,CSS",True,[]
WebCraft,devSamurai,"Ruby",False,[c345678#Setup complete#2023-10-06 11:00:00;c345679#Bug fixes#2023-10-06 12:00:00;c345680#Final release#2023-10-06 13:00:00]
AIChatbot,AI_Architect,"Go",True,[d456789#Initial commit#2023-10-06 14:00:00]
GameEnginePro,techSavvy,"Swift,Java",False,[e567890#Basic setup#2023-10-06 15:00:00;e567891#Added UI#2023-10-06 15:30:00]
MLToolkit,webWizard,"Kotlin",True,[]
OpenSourceNotes,webWizard,"C#",False,[f678901#Initial version#2021-10-06 16:00:00;f678902#Minor updates#2022-10-06 17:00:00]
CryptoWallet,sysAdminPro,"TypeScript",True,[g789012#First push#2023-10-06 18:00:00;g789013#Code refactoring#2023-10-06 19:00:00]
HomeAutomationHub,quantDev,"PHP",False,[h890123#Setup database#2023-10-06 20:00:00;h890124#API implementation#2023-10-06 21:00:00]
ProjectPhoenix,codeNinja99,"Python,Java",True,[p123456#Initial commit#2023-10-06 09:00:00;p123457#Refactored code#2024-10-06 09:30:00]
DataAnalyzer,dataWhiz,"R,SQL",False,[d234567#Data import#2023-10-06 10:00:00]
EcoApp,devSamurai,"JavaScript,HTML",True,[e345678#App setup#2024-10-06 10:30:00;e345679#Added features#2024-10-06 11:00:00]
GameWorld,gamer,"C,Unity",False,[f456789#Initial level design#2023-10-06 12:00:00;f456790#Implemented AI#2023-10-06 12:30:00]
CloudStorage,cloud_eng,"Python,Go",True,[g567890#Setup service#2021-10-06 13:00:00;g567891#Added storage options#2021-10-06 13:30:00]
LearningPlatform,newbie,"Java,HTML",True,[h678901#Initial course upload#2023-10-06 14:00:00]
WebAnalytics,techSavvy,"JavaScript",False,[i789012#Setup tracking#2021-10-06 15:00:00]
SmartHome,quantDev,"IoT,C++",True,[j890123#Initial setup#2023-10-06 16:00:00;j890124#Added device support#2023-10-06 16:30:00]
HealthTracker,AI_Architect,"Python,R",False,[k901234#Setup database#2022-10-06 17:00:00]
MusicLibrary,webWizard,"Ruby",True,[l012345#Initial song upload#2024-10-06 18:00:00;l012346#Added playlist feature#2024-10-06 18:30:00]